{"epochs": 115, "train_loss": 0.4958365659189635, "_runtime": 8418, "_timestamp": 1622920044, "_step": 138, "val_loss": 1.126373493168133}