{"epochs": 112, "train_loss": 0.4939963942112121, "_runtime": 8065, "_timestamp": 1622920046, "_step": 135, "val_loss": 2.061729068195583}