{"epochs": 67, "train_loss": 0.5187995442485108, "_runtime": 4818, "_timestamp": 1622837620, "_step": 81, "val_loss": 1.922255277041568}