{"epochs": 67, "train_loss": 0.24759615835898063, "_runtime": 5246, "_timestamp": 1623195702, "_step": 101, "val_loss": 0.4100039345767374}