{"epochs": 9, "train_loss": 0.30169176410957677, "_runtime": 879, "_timestamp": 1622767063, "_step": 11, "val_loss": 0.31177700446326506}