{"epochs": 19, "train_loss": 0.4286915362000465, "_runtime": 1468, "_timestamp": 1622852711, "_step": 23, "val_loss": 0.5960032082107288}