{"epochs": 20, "train_loss": 0.4387360433567138, "_runtime": 1524, "_timestamp": 1622852692, "_step": 24, "val_loss": 1.4246495241755681}