{"epochs": 139, "train_loss": 0.48499621128610204, "_runtime": 10070, "_timestamp": 1623005347, "_step": 167, "val_loss": 0.8620259136405607}