{"epochs": 59, "train_loss": 0.3060858522939754, "_runtime": 82362, "_timestamp": 1623351147, "_step": 89, "val_loss": 0.1856414494631684}