{"epochs": 112, "train_loss": 0.49781264121553537, "_runtime": 8030, "_timestamp": 1622881793, "_step": 135, "val_loss": 2.0926373308857547}