{"epochs": 29, "train_loss": 0.35312923548965086, "_runtime": 58890, "_timestamp": 1624124280, "_step": 44, "val_loss": 0.19708277985923586}