{"epochs": 1, "train_loss": 0.44298213022947314, "_runtime": 159, "_timestamp": 1622841970, "_step": 2, "val_loss": 0.38781875935660687}