{"epochs": 2, "train_loss": 0.4225464134613673, "_runtime": 227, "_timestamp": 1622846812, "_step": 3, "val_loss": 0.3954105861238296}