{"epochs": 213, "train_loss": 0.14736556623871921, "_runtime": 11006, "_timestamp": 1624510376, "_step": 25, "val_loss": 0.2488305732271725}