{"epochs": 21, "train_loss": 0.4203101842517424, "_runtime": 15368, "_timestamp": 1624322955, "_step": 32, "val_loss": 0.2555270564735384}