{"epochs": 359, "train_loss": 0.45349597227772076, "_runtime": 25438, "_timestamp": 1623072508, "_step": 431, "val_loss": 0.6732332188858102}