{"epochs": 4, "train_loss": 0.40281652257442474, "_runtime": 375, "_timestamp": 1622849220, "_step": 5, "val_loss": 0.3936847640966244}