{"epochs": 111, "train_loss": 0.495780824072659, "_runtime": 8133, "_timestamp": 1622881817, "_step": 134, "val_loss": 2.22379875044949}