{"epochs": 65, "train_loss": 0.5209431690320824, "_runtime": 4726, "_timestamp": 1623032352, "_step": 78, "val_loss": 1.3303127707235072}