{"epochs": 505, "train_loss": 0.517881114425702, "_runtime": 42525, "_timestamp": 1622820467, "_step": 606, "val_loss": 0.5992104482300431}