{"epochs": 256, "train_loss": 0.1426201008372796, "_runtime": 28518, "_timestamp": 1624599624, "_step": 65, "val_loss": 0.26612184163098945}