{"epochs": 480, "train_loss": 0.445972327071515, "_runtime": 33918, "_timestamp": 1622994626, "_step": 576, "val_loss": 0.6949950277262571}