{"epochs": 64, "train_loss": 0.5220233528467325, "_runtime": 4729, "_timestamp": 1623032381, "_step": 77, "val_loss": 1.9725953705658186}