{"epochs": 351, "train_loss": 0.4554669544476677, "_runtime": 25492, "_timestamp": 1623072516, "_step": 421, "val_loss": 0.8860189737813757}