{"epochs": 235, "train_loss": 0.1428194904866793, "_runtime": 15144, "_timestamp": 1624654072, "_step": 34, "val_loss": 0.24310200560585896}