{"epochs": 8, "train_loss": 0.38346048873000677, "_runtime": 660, "_timestamp": 1622849227, "_step": 10, "val_loss": 0.40423537884524324}