{"epochs": 4, "train_loss": 0.4029214440822601, "_runtime": 371, "_timestamp": 1622842859, "_step": 5, "val_loss": 0.37789275747606693}