{"epochs": 3, "train_loss": 0.4091331455409527, "_runtime": 297, "_timestamp": 1622855737, "_step": 4, "val_loss": 0.3836614268505021}