{"epochs": 197, "train_loss": 0.16654922154944285, "_runtime": 100741, "_timestamp": 1624480540, "_step": 208, "val_loss": 0.23528839418090375}