{"epochs": 60, "train_loss": 0.29683092721307897, "_runtime": 27697, "_timestamp": 1624376971, "_step": 59, "val_loss": 0.24989435838577442}