{"epochs": 126, "train_loss": 0.09497025850031124, "_runtime": 2258, "_timestamp": 1622767087, "_step": 31, "val_loss": 0.37227713137815727}