{"epochs": 110, "train_loss": 0.25483608363093735, "_runtime": 161184, "_timestamp": 1624287408, "_step": 122, "val_loss": 0.21298555897096091}