{"epochs": 3, "train_loss": 0.412836772441864, "_runtime": 302, "_timestamp": 1622855694, "_step": 4, "val_loss": 0.39819554818041675}