{"epochs": 256, "train_loss": 0.4630834164234451, "_runtime": 18365, "_timestamp": 1623023966, "_step": 308, "val_loss": 0.6939344016822758}